City_ID,City,Lat,Lng,Max Temp,Humidity,Cloudiness,Wind Speed,Country,Date
0,mount gambier,-37.8333,140.7667,13.34,86,100,5.23,AU,1697156008
1,tura,25.5198,90.2201,20.72,81,0,1.37,IN,1697156124
2,ushuaia,-54.8,-68.3,7.81,71,75,15.95,AR,1697156125
3,berezovyy,51.6667,135.7,13.84,53,80,3.19,RU,1697156125
4,chibougamau,49.9168,-74.3659,6.79,93,75,2.06,CA,1697156125
5,puerto ayora,-0.7393,-90.3518,23.74,83,55,4.15,EC,1697156125
6,badger,64.8,-147.5333,1.1,75,100,2.06,US,1697156125
7,georgetown,5.4112,100.3354,27.19,83,20,0.0,MY,1697155941
8,adrar,20.5022,-10.0711,30.31,23,38,3.3,MR,1697156126
9,ebon,4.582,168.6964,28.7,72,68,2.08,MH,1697156126
10,gaspe,48.8334,-64.4819,10.95,100,100,1.03,CA,1697156126
11,general acha,-37.377,-64.6043,11.92,27,0,4.66,AR,1697156126
12,grytviken,-54.2811,-36.5092,-2.23,83,84,2.31,GS,1697156127
13,partur,19.6,76.2167,24.22,52,45,1.97,IN,1697156127
14,fort st. john,56.2499,-120.8529,13.94,58,20,3.6,CA,1697156039
15,puerto natales,-51.7236,-72.4875,4.08,97,71,3.37,CL,1697156127
16,adamstown,-25.066,-130.1015,21.21,67,99,5.45,PN,1697156127
17,saipan,15.1355,145.701,27.39,94,100,7.72,MP,1697156128
18,petropavlovsk-kamchatsky,53.0452,158.6483,3.03,73,75,6.71,RU,1697156128
19,feijo,-8.1642,-70.3536,23.43,98,95,2.8,BR,1697156128
20,hami,42.8,93.45,15.33,26,2,3.73,CN,1697156128
21,papatowai,-46.5619,169.4708,18.17,45,89,5.8,NZ,1697156000
22,blackmans bay,-43.0167,147.3167,12.63,62,88,2.24,AU,1697156129
23,bilibino,68.0546,166.4372,-6.69,85,100,1.58,RU,1697156104
24,hajjah,15.6943,43.6058,19.09,61,7,0.59,YE,1697156129
25,altai,46.3722,96.2583,3.83,41,0,2.37,MN,1697156130
26,la ronge,55.1001,-105.2842,9.14,81,100,1.54,CA,1697156130
27,waitangi,-43.9535,-176.5597,12.68,69,58,4.02,NZ,1697156130
28,bethel,41.3712,-73.414,15.17,77,0,1.54,US,1697156095
29,sulecin,52.4443,15.1168,12.16,88,97,1.1,PL,1697156130
30,dubbo,-32.25,148.6167,17.07,39,0,5.66,AU,1697156131
31,east london,-33.0153,27.9116,16.17,74,8,4.42,ZA,1697155886
32,college,64.8569,-147.8028,1.15,73,100,2.06,US,1697156131
33,kailua-kona,19.6406,-155.9956,28.61,65,75,3.6,US,1697156131
34,ilulissat,69.2167,-51.1,-2.99,50,100,2.57,GL,1697156132
35,port-aux-francais,-49.35,70.2167,2.4,83,81,6.73,TF,1697156132
36,mantua,45.1667,10.7833,20.58,86,63,0.49,IT,1697156129
37,guaratuba,-25.8828,-48.5747,16.97,94,100,3.85,BR,1697156093
38,albany,42.6001,-73.9662,13.03,76,39,2.46,US,1697156010
39,la'ie,21.6477,-157.9253,30.98,64,0,4.48,US,1697156133
40,avarua,-21.2078,-159.775,27.03,74,75,4.63,CK,1697156133
41,codrington,-38.2667,141.9667,13.9,84,100,7.92,AU,1697156133
42,tongchuan,35.0806,109.0897,13.79,74,94,1.67,CN,1697156134
43,longyearbyen,78.2186,15.6401,-3.09,74,40,2.57,SJ,1697156060
44,kingston,17.997,-76.7936,30.53,80,20,5.14,JM,1697156134
45,usinsk,65.9939,57.5281,-1.07,98,100,2.24,RU,1697156134
46,atafu village,-8.5421,-172.5159,28.13,79,44,6.03,TK,1697156134
47,narasannapeta,18.4167,84.05,24.45,83,12,1.63,IN,1697156135
48,yellowknife,62.456,-114.3525,8.01,100,100,1.03,CA,1697156135
49,nema,57.5067,50.5011,7.49,93,100,6.63,RU,1697156135
50,puerto deseado,-47.7503,-65.8938,8.72,55,32,5.2,AR,1697156135
51,bredasdorp,-34.5322,20.0403,12.18,82,66,3.04,ZA,1697156135
52,pisco,-13.7,-76.2167,19.03,77,0,7.2,PE,1697156074
53,iqaluit,63.7506,-68.5145,-1.15,92,75,0.0,CA,1697156136
54,gebre guracha,9.8,38.4,10.93,74,54,1.98,ET,1697156136
55,kenai,60.5544,-151.2583,2.86,95,100,4.12,US,1697156136
56,coahuayana de hidalgo,18.7,-103.6583,26.53,88,42,0.75,MX,1697156137
57,qaqortoq,60.7167,-46.0333,2.73,79,99,2.89,GL,1697156137
58,hamilton,39.1834,-84.5333,21.43,69,0,2.06,US,1697155651
59,wailua homesteads,22.0669,-159.378,29.24,64,20,6.69,US,1697156137
60,balancan,17.8,-91.5333,28.91,83,23,2.5,MX,1697156137
61,lavras da mangabeira,-6.7533,-38.9644,29.18,33,72,1.47,BR,1697156138
62,jamestown,42.097,-79.2353,9.8,84,0,2.57,US,1697155921
63,mount pearl,47.5166,-52.7813,12.4,98,100,2.06,CA,1697156138
64,tazovsky,67.4667,78.7,0.72,99,100,2.23,RU,1697156138
65,gulf shores,30.246,-87.7008,21.11,75,100,2.57,US,1697156139
66,pacaembu,-21.5622,-51.2606,25.43,71,90,0.87,BR,1697156139
67,brookings,44.3114,-96.7984,7.25,97,100,9.77,US,1697156139
68,ciudad lazaro cardenas,17.9583,-102.2,27.07,84,44,0.9,MX,1697156116
69,harper,4.375,-7.7169,25.19,88,100,2.94,LR,1697156139
70,edinburgh of the seven seas,-37.0676,-12.3116,12.99,81,40,5.67,SH,1697156139
71,port alfred,-33.5906,26.891,16.14,71,19,9.01,ZA,1697156140
72,birao,10.2849,22.7882,24.48,70,25,0.86,CF,1697156140
73,kavieng,-2.5744,150.7967,28.83,70,78,1.24,PG,1697156140
74,thompson,55.7435,-97.8558,8.09,87,40,0.0,CA,1697156141
75,lebu,-37.6167,-73.65,9.8,83,0,9.4,CL,1697156141
76,veinticinco de mayo,-35.4323,-60.1727,11.66,48,1,2.56,AR,1697156141
77,flying fish cove,-10.4217,105.6791,25.82,83,100,5.14,CX,1697156141
78,port blair,11.6667,92.75,25.02,100,40,0.0,IN,1697156141
79,fada,9.5667,8.3,20.74,83,99,1.06,NG,1697156142
80,kayangel,8.0823,134.7173,27.99,80,98,7.85,PW,1697156142
81,saint-pierre,-21.3393,55.4781,22.82,78,20,4.12,RE,1697156142
82,port hedland,-20.3167,118.5667,34.03,10,20,11.32,AU,1697156143
83,vorgashor,67.5833,63.95,-0.49,73,99,6.61,RU,1697156143
84,tabou,4.423,-7.3528,25.01,91,100,2.64,CI,1697156143
85,howrah,22.5892,88.3103,27.0,89,20,0.0,IN,1697156143
86,new plymouth,-39.0667,174.0833,16.0,75,12,4.78,NZ,1697156144
87,margaret river,-33.95,115.0667,14.6,63,3,3.23,AU,1697156144
88,utrik,11.2278,169.8474,28.17,76,69,4.63,MH,1697156144
89,invercargill,-46.4,168.35,20.57,49,82,6.26,NZ,1697156145
90,lagoa,39.05,-27.9833,19.87,77,50,4.47,PT,1697156145
91,magadan,59.5667,150.8,-4.15,74,10,4.02,RU,1697155941
92,valle del guamuez,0.4525,-76.9192,25.55,71,29,0.85,CO,1697156145
93,port mathurin,-19.6833,63.4167,23.25,76,6,4.32,MU,1697156145
94,ribeira grande,38.5167,-28.7,18.76,86,74,3.13,PT,1697156146
95,prince george,53.9166,-122.753,17.57,53,4,1.13,CA,1697155882
96,merizo village,13.2658,144.6691,25.32,83,96,8.99,GU,1697156146
97,whitehorse,60.7161,-135.0538,7.23,81,100,5.81,CA,1697156019
98,mizdah,31.4451,12.9801,19.96,52,0,2.84,LY,1697156146
99,la passe,45.5549,-0.8967,18.13,50,66,3.25,FR,1697156147
100,khandyga,62.6667,135.6,-1.03,97,100,0.48,RU,1697156147
101,champoton,19.35,-90.7167,29.52,82,16,4.72,MX,1697156147
102,san patricio,28.017,-97.5169,27.97,77,55,5.29,US,1697156147
103,hasaki,35.7333,140.8333,20.16,51,2,6.33,JP,1697156147
104,binzhou,37.3667,118.0167,18.16,46,100,2.06,CN,1697156148
105,kruisfontein,-34.0033,24.7314,13.77,81,0,10.29,ZA,1697156148
106,nenjiang,49.1833,125.2167,12.04,47,0,4.55,CN,1697156148
107,alofi,-19.0595,-169.9187,28.94,61,75,5.14,NU,1697156148
108,touros,-5.1989,-35.4608,25.84,82,2,7.06,BR,1697155923
109,cabo san lucas,22.8909,-109.9124,30.1,66,0,8.23,MX,1697155611
110,virac,13.6333,124.2167,24.47,80,37,1.31,PH,1697156149
111,smithers,54.7804,-127.1743,14.18,62,40,2.06,CA,1697156150
112,nemuro,43.3236,145.575,14.2,66,0,4.6,JP,1697156150
113,calama,-22.4667,-68.9333,20.27,15,0,6.17,CL,1697156150
114,afaahiti,-17.75,-149.2833,28.93,79,38,5.88,PF,1697156150
115,hadibu,12.65,54.0333,26.89,81,51,1.51,YE,1697156150
116,stanley,54.868,-1.6985,7.1,87,20,1.54,GB,1697156151
117,cumbal,0.9088,-77.7915,9.21,91,100,2.06,CO,1697156151
118,sitka,57.0531,-135.33,13.94,67,100,10.29,US,1697156152
119,karratha,-20.7377,116.8463,31.52,17,2,9.46,AU,1697156152
120,yatou,37.15,122.3833,17.48,53,100,0.8,CN,1697156152
121,nabire,-3.3667,135.4833,29.47,69,84,0.48,ID,1697156152
122,sisimiut,66.9395,-53.6735,0.37,64,100,3.83,GL,1697156153
123,san antonio de pale,-1.4014,5.6325,25.28,85,67,5.38,GQ,1697156153
124,fortuna,40.5982,-124.1573,18.85,72,0,4.12,US,1697156153
125,kununurra,-15.7667,128.7333,30.99,51,92,2.57,AU,1697155875
126,hun,29.1268,15.9477,20.91,59,7,2.91,LY,1697156154
127,olonkinbyen,70.9221,-8.7187,-0.54,83,95,9.64,SJ,1697156155
128,mount isa,-20.7333,139.5,30.87,18,57,3.6,AU,1697156155
129,dhidhdhoo,6.8833,73.1,27.03,79,96,3.44,MV,1697156155
130,minas de marcona,-15.2119,-75.1103,14.99,80,64,6.59,PE,1697156155
131,dawei,14.0833,98.2,24.7,92,86,1.43,MM,1697156155
132,west island,-12.1568,96.8225,25.99,73,40,5.14,CC,1697156156
133,arraial do cabo,-22.9661,-42.0278,22.59,94,84,8.3,BR,1697155878
134,pangody,65.85,74.4859,0.43,83,53,3.62,RU,1697156156
135,palikir - national government center,6.9248,158.1611,26.47,89,100,2.57,FM,1697156156
136,arawa,-6.2132,155.5367,27.25,82,93,1.58,PG,1697156157
137,el abiodh sidi cheikh,32.893,0.5484,17.92,35,0,2.06,DZ,1697156157
138,st. john's,47.5649,-52.7093,12.86,98,100,2.06,CA,1697156157
139,udachny,66.4167,112.4,-8.08,85,56,2.42,RU,1697156157
140,al faw,29.9776,48.4741,26.0,66,0,2.85,IQ,1697156157
141,valandovo,41.3169,22.5611,13.3,86,0,0.73,MK,1697156009
142,mugia,43.1041,-9.2179,22.73,88,97,8.79,ES,1697156158
143,santa ana,33.7456,-117.8678,30.58,59,20,3.09,US,1697155961
144,villa gesell,-37.2639,-56.973,8.27,63,0,1.51,AR,1697156158
145,aasiaat,68.7098,-52.8699,-5.84,79,99,2.68,GL,1697156158
146,robertsport,6.7533,-11.3686,26.39,84,82,4.73,LR,1697156159
147,zhangye,38.9342,100.4517,10.81,37,76,2.76,CN,1697156159
148,bay roberts,47.5999,-53.2648,13.06,98,80,2.89,CA,1697156159
149,new norfolk,-42.7826,147.0587,13.29,63,96,3.62,AU,1697156159
150,maile,-38.9466,-72.3727,9.34,94,0,0.81,CL,1697156159
151,ancud,-41.8697,-73.8203,7.79,78,65,2.01,CL,1697156123
152,qulsary,46.9531,54.0198,7.17,70,2,3.15,KZ,1697156160
153,pangai,-19.8,-174.35,27.06,69,75,5.66,TO,1697156160
154,i-n-salah,27.1935,2.4607,28.15,21,65,8.96,DZ,1697156160
155,uvira,-3.4067,29.1458,23.68,76,88,2.94,CD,1697156160
156,klyuchi,52.2667,79.1667,5.32,87,97,2.58,RU,1697156161
157,mournies,35.4764,24.0092,21.02,88,40,0.0,GR,1697156161
158,dobrush,52.4089,31.3237,10.56,88,100,3.88,BY,1697156006
159,mejit,10.2753,170.8646,28.0,77,70,4.63,MH,1697156161
160,makushino,55.2103,67.2442,3.1,71,71,7.71,RU,1697156161
161,lata,40.1629,-8.3327,18.93,48,47,1.18,PT,1697156162
162,tshabong,-26.05,22.45,14.8,31,1,3.93,BW,1697156162
163,constantia,44.1833,28.65,12.61,79,0,5.44,RO,1697156162
164,isafjordur,66.0755,-23.124,0.1,91,100,12.79,IS,1697156162
165,ribeira brava,32.65,-17.0667,27.29,23,100,1.49,PT,1697156163
166,loango,-4.6719,11.8312,26.81,83,100,4.63,CG,1697156163
167,oranjestad,12.524,-70.027,29.39,84,10,10.64,AW,1697156138
168,tual,-5.6667,132.75,26.93,84,77,6.19,ID,1697156163
169,demba,-5.51,22.2667,22.8,63,24,0.43,CD,1697156164
170,kattivakkam,13.2167,80.3167,27.82,81,100,1.41,IN,1697156164
171,kargasok,59.0556,80.8572,1.09,96,74,3.13,RU,1697156164
172,coquimbo,-29.9533,-71.3436,13.85,82,0,1.03,CL,1697156164
173,alice springs,-23.7,133.8833,22.75,17,2,9.26,AU,1697156164
174,tommot,58.9564,126.2925,7.72,88,93,7.0,RU,1697155892
175,nampa,43.5407,-116.5635,17.66,46,0,6.17,US,1697156165
176,haiku-pauwela,20.9219,-156.3051,29.01,63,40,10.29,US,1697156165
177,yalutorovsk,56.6536,66.3006,6.09,61,100,4.02,RU,1697156165
178,tolanaro,-25.0319,46.9987,21.04,92,100,5.55,MG,1697156165
179,uturoa,-16.7333,-151.4333,25.87,75,10,6.56,PF,1697156166
180,bundaberg north,-24.8551,152.3425,26.23,63,0,1.79,AU,1697156166
181,enewetak,11.3474,162.3373,28.37,69,31,4.5,MH,1697156166
182,punta arenas,-53.15,-70.9167,7.84,75,92,6.68,CL,1697155887
183,berdigestyakh,62.0989,126.6992,1.27,97,100,2.24,RU,1697156167
184,jinchang,38.4953,102.1739,10.17,50,79,1.43,CN,1697156167
185,lorengau,-2.0226,147.2712,29.31,71,42,2.39,PG,1697156167
186,puertollano,38.6871,-4.1073,18.42,34,64,0.78,ES,1697156167
187,tinde,-3.8833,33.2,22.36,68,84,2.29,TZ,1697156167
188,tiksi,71.6872,128.8694,-4.59,96,100,3.72,RU,1697156168
189,kapuskasing,49.4169,-82.4331,8.0,87,74,3.09,CA,1697156168
190,palopo,-2.9996,120.1921,28.19,64,73,0.98,ID,1697156168
191,igarka,67.4667,86.5833,0.8,98,100,2.55,RU,1697156168
192,east ballina,-28.8667,153.5833,28.22,56,2,4.27,AU,1697156169
193,ola,59.5833,151.2833,-3.81,47,21,3.69,RU,1697156169
194,camayenne,9.535,-13.6878,26.49,86,85,4.87,GN,1697156169
195,kashin,57.3592,37.6081,8.29,73,38,7.24,RU,1697156169
196,rio grande,-32.035,-52.0986,10.06,66,68,5.79,BR,1697155996
197,port-vila,-17.7338,168.3219,27.78,65,75,4.63,VU,1697156170
198,happy valley-goose bay,53.3168,-60.3315,9.17,93,75,3.09,CA,1697156170
199,kolonia,50.9333,6.95,17.94,89,75,4.12,DE,1697156058
200,taroa,8.7058,171.2275,28.4,71,75,1.88,MH,1697156170
201,vilyuchinsk,52.9306,158.4028,3.85,96,100,1.58,RU,1697155945
202,biloli,18.7667,77.7333,22.09,69,19,0.5,IN,1697156171
203,syktyvkar,61.6764,50.8099,4.95,100,100,5.0,RU,1697156171
204,aginskoye,51.1,114.53,7.17,65,9,2.09,RU,1697155938
205,vorkuta,67.5,64.0,-0.22,73,100,6.42,RU,1697156171
206,karaton,-6.3424,106.1045,25.26,79,90,0.78,ID,1697156172
207,el alto,-4.2714,-81.2147,19.81,81,38,5.18,PE,1697156172
208,central,30.5544,-91.0368,22.82,76,0,3.6,US,1697155880
209,port douglas,-16.4833,145.4667,24.54,60,99,2.43,AU,1697156172
210,kavaratti,10.5669,72.642,27.67,74,99,0.84,IN,1697156172
211,anadyr,64.75,177.4833,5.28,86,75,8.94,RU,1697156172
212,general villegas,-35.0328,-63.0125,11.0,25,0,3.47,AR,1697156173
213,menongue,-14.6585,17.691,21.25,52,94,1.95,AO,1697156173
214,grootfontein,-19.5667,18.1167,21.09,19,56,5.96,NA,1697156173
215,nchelenge,-9.3451,28.734,26.04,63,92,1.33,ZM,1697156173
216,port elizabeth,-33.918,25.5701,16.29,79,0,9.77,ZA,1697156174
217,fort bragg,35.139,-79.006,17.3,94,0,0.0,US,1697156174
218,vernon,50.2581,-119.2691,19.05,59,8,1.03,CA,1697156145
219,tenenkou,14.4572,-4.9169,30.0,41,23,3.73,ML,1697156174
220,belyy yar,53.6039,91.3903,4.94,87,0,0.0,RU,1697156175
221,maceio,-9.6658,-35.7353,24.69,94,40,2.57,BR,1697156175
222,ambalangoda,6.2355,80.0538,25.24,85,100,1.22,LK,1697156175
223,chonchi,-42.6128,-73.8092,8.95,83,89,0.88,CL,1697156175
224,al kharijah,25.4514,30.5464,23.25,36,0,3.38,EG,1697156175
225,kronenwetter,44.8222,-89.5904,11.82,64,100,5.14,US,1697156176
226,sake,-1.5736,29.045,16.53,95,49,0.26,CD,1697156176
227,iskateley,67.6803,53.1512,1.12,76,100,4.02,RU,1697156176
228,al lagowa,11.4,29.1333,25.34,64,55,1.94,SD,1697156176
229,porto murtinho,-21.6989,-57.8825,20.16,64,100,3.18,BR,1697156176
230,broome,42.2506,-75.833,12.38,79,10,1.34,US,1697156177
231,margate,51.3813,1.3862,16.84,94,100,0.45,GB,1697156177
232,lyubimets,41.8333,26.0833,12.73,67,0,0.69,BG,1697156177
233,mus,39.0,41.75,10.03,57,2,2.74,TR,1697156177
234,leer,53.2316,7.461,15.56,96,100,3.34,DE,1697156177
235,ebaye,8.7748,167.7392,30.01,70,0,2.47,MH,1697156178
236,manta,-0.95,-80.7333,24.88,83,40,2.06,EC,1697156178
237,porbandar,21.6422,69.6093,26.35,79,2,3.08,IN,1697156178
238,cozumel,20.5083,-86.9458,30.53,91,20,2.68,MX,1697156063
239,colonia,50.9333,6.95,17.94,89,75,4.12,DE,1697156058
240,lompoc,34.6391,-120.4579,25.43,69,20,4.92,US,1697156130
241,dongsheng,39.8161,109.9776,9.03,41,2,7.2,CN,1697156179
242,hassan,13.0006,76.0994,19.43,89,94,1.46,IN,1697156179
243,parras de la fuente,25.4167,-102.1833,24.67,40,0,2.01,MX,1697156179
244,gadzhiyevo,69.2551,33.3362,3.44,79,100,9.33,RU,1697156179
245,praia da vitoria,38.7333,-27.0667,19.14,82,20,3.36,PT,1697156180
246,amilly,47.9728,2.7719,17.71,69,86,3.36,FR,1697156180
247,jiuquan,39.7432,98.5174,10.9,27,31,2.34,CN,1697156180
248,weno,7.4515,151.8468,28.97,84,100,1.54,FM,1697156180
249,mariental,-24.6333,17.9667,14.44,27,0,3.71,NA,1697156180
250,xanthi,41.1414,24.8836,17.12,61,0,1.51,GR,1697156181
251,al burayqah,30.4062,19.5739,22.94,66,0,3.8,LY,1697156181
252,sao jose da coroa grande,-8.8978,-35.1478,24.82,84,33,5.43,BR,1697156181
253,praia,14.9215,-23.5087,27.3,78,20,0.51,CV,1697156118
254,tralee,52.2704,-9.7026,11.8,98,100,2.0,IE,1697156182
255,az zuwaytinah,30.9522,20.1202,21.88,60,0,4.05,LY,1697156182
256,hawaiian paradise park,19.5933,-154.9731,28.35,74,75,5.66,US,1697156182
257,nar'yan-mar,67.6713,53.087,1.17,76,100,4.02,RU,1697156182
258,deqen,29.9618,90.7188,0.8,68,8,0.81,CN,1697156182
259,puerto baquerizo moreno,-0.9,-89.6,23.79,81,33,5.14,EC,1697156183
260,port washington,40.8257,-73.6982,18.22,66,20,1.54,US,1697155989
261,pimenta bueno,-11.6725,-61.1936,28.83,56,74,1.33,BR,1697155986
262,mahajanga,-15.7167,46.3167,24.96,80,33,1.05,MG,1697156183
263,nyurba,63.2842,118.3319,-3.27,74,61,4.02,RU,1697155888
264,tazacorte,28.629,-17.9293,27.86,27,0,2.06,ES,1697156184
265,westport,41.1415,-73.3579,16.05,73,0,1.54,US,1697156108
266,nouadhibou,20.931,-17.0347,23.99,73,98,4.12,MR,1697156184
267,oelwein,42.6733,-91.9135,11.63,96,100,5.81,US,1697156184
268,cidreira,-30.1811,-50.2056,14.69,68,100,5.22,BR,1697155995
269,toppenish,46.3774,-120.3087,19.0,41,9,4.02,US,1697156185
270,vila velha,-20.3297,-40.2925,24.97,83,0,6.69,BR,1697156185
271,gazojak,41.1875,61.4036,6.89,83,55,3.79,TM,1697156185
272,cockburn town,21.4612,-71.1419,29.04,78,91,5.82,TC,1697156185
273,kyshtovka,56.555,76.6271,2.41,86,40,3.13,RU,1697156185
274,pimentel,-6.8367,-79.9342,20.16,83,20,8.75,PE,1697156186
275,polyarnyy,69.1989,33.4478,3.34,83,100,8.97,RU,1697156186
276,jacmel,18.2342,-72.5347,30.91,83,97,2.72,HT,1697156187
277,tshikapa,-6.4167,20.8,23.37,66,88,0.37,CD,1697156187
278,calipatria,33.1256,-115.5142,31.27,13,0,4.28,US,1697156187
279,chernyshevskiy,63.0128,112.4714,-2.51,84,91,0.99,RU,1697156188
280,la gi,10.6667,107.7833,25.91,87,77,3.11,VN,1697156188
281,valdez,1.2492,-78.9831,25.71,82,89,2.39,EC,1697156188
282,zhanaozen,43.3,52.8,6.46,67,2,3.71,KZ,1697156188
283,akankpa,5.1264,8.1898,23.37,98,98,0.34,NG,1697156189
284,paka,4.6374,103.4368,25.96,89,20,1.03,MY,1697156189
285,mahina,-17.5065,-149.489,29.87,58,40,5.66,PF,1697156189
286,buka,40.8108,69.1986,10.44,88,100,6.81,UZ,1697156189
287,yanchep,-31.55,115.6833,21.08,43,0,6.2,AU,1697156189
288,port sudan,19.6175,37.2164,28.8,70,0,5.45,SD,1697156190
289,nishinoomote,30.7333,131.0,21.31,94,75,3.6,JP,1697156190
290,ubinskoye,55.3068,79.6802,1.87,76,22,3.01,RU,1697156190
291,kudahuvadhoo,2.6708,72.8944,27.98,68,58,5.91,MV,1697156190
292,kill devil hills,36.0307,-75.676,17.77,90,0,0.0,US,1697156191
293,sinop,41.7711,34.8709,10.7,57,0,2.91,TR,1697156191
294,qidu,26.7653,119.5472,22.36,73,4,0.58,CN,1697156191
295,trujillo,-8.116,-79.03,18.98,82,75,3.6,PE,1697156191
296,altamont,42.2068,-121.7372,16.55,44,0,4.63,US,1697156191
297,pathein,16.7833,94.7333,24.3,92,12,0.26,MM,1697156191
298,susuman,62.7833,148.1667,-12.23,77,76,0.89,RU,1697156192
299,eydhafushi,5.1033,73.0708,27.66,77,92,5.74,MV,1697156192
300,shibirghan,36.6676,65.7529,12.07,64,100,5.61,AF,1697156165
301,tofol,5.3248,163.0078,26.88,83,100,2.57,FM,1697156192
302,ocampo,21.65,-101.5,19.91,43,2,3.64,MX,1697156192
303,kirakira,-10.4544,161.9205,25.01,94,100,3.46,SB,1697156193
304,arboletes,8.8505,-76.4269,27.65,83,18,1.99,CO,1697156193
305,palmas,-10.2128,-48.3603,27.93,74,20,1.54,BR,1697156193
306,kodiak,57.79,-152.4072,5.73,61,75,7.72,US,1697156193
307,ontario,34.0633,-117.6509,29.71,35,0,5.66,US,1697155958
308,namibe,-15.1961,12.1522,18.39,85,41,2.68,AO,1697156194
309,fort william,56.8165,-5.1121,9.61,94,100,4.4,GB,1697156194
310,lamu,-2.2717,40.902,24.12,90,99,4.09,KE,1697156194
311,port lincoln,-34.7333,135.8667,15.4,66,88,5.42,AU,1697156073
312,tippi,7.2,35.45,16.97,98,78,1.52,ET,1697156195
313,anaco,9.4389,-64.4728,26.6,69,91,0.81,VE,1697156195
314,matoury,4.8483,-52.3317,27.98,78,0,1.54,GF,1697156196
315,al jawf,29.5,38.75,21.44,36,0,1.77,SA,1697156196
316,stovring,56.8854,9.8384,6.88,86,82,3.25,DK,1697156196
317,khash,28.2211,61.2158,20.71,18,0,2.78,IR,1697156196
318,banamba,13.55,-7.45,26.83,56,99,2.83,ML,1697156197
319,gualeguay,-33.1416,-59.3097,7.83,55,0,3.24,AR,1697156198
320,makhambet,47.6667,51.5833,7.26,67,4,3.74,KZ,1697156199
321,goor,52.2333,6.5861,17.26,95,100,1.34,NL,1697156199
322,prachin buri,14.0833,101.6667,25.19,89,97,1.48,TH,1697156199
323,ar rahad,12.7167,30.65,28.43,42,57,2.57,SD,1697156199
324,takoradi,4.8845,-1.7554,24.23,92,100,2.9,GH,1697156199
325,charters towers,-20.1,146.2667,26.95,31,7,3.38,AU,1697156200
326,ilha de mocambique,-15.0342,40.7358,24.64,85,21,4.53,MZ,1697156200
327,phan rang-thap cham,11.5667,108.9833,26.07,83,74,1.24,VN,1697156200
328,natal,-5.795,-35.2094,25.73,81,4,5.8,BR,1697156026
329,tara,56.8944,74.371,2.21,81,81,3.13,RU,1697156201
330,akureyri,65.6835,-18.0878,1.96,80,75,10.29,IS,1697156201
331,santa cruz,-17.8,-63.1667,27.7,51,20,2.57,BO,1697155802
332,kulhudhuffushi,6.6221,73.07,27.08,80,90,4.2,MV,1697156201
333,igrim,63.1906,64.4162,2.79,85,100,5.81,RU,1697156201
334,rongelap,11.1635,166.8941,28.08,77,76,3.46,MH,1697156202
335,kostomuksha,64.571,30.5767,2.8,94,100,8.94,RU,1697156202
336,sardarshahr,28.4333,74.4833,26.86,29,0,3.95,IN,1697156202
337,waddan,29.1614,16.139,20.93,62,3,3.57,LY,1697156202
338,sosnovo-ozerskoye,52.5249,111.5418,3.81,80,6,2.55,RU,1697156203
339,inarajan village,13.2736,144.7484,25.78,83,95,8.95,GU,1697156203
340,ta`u,-14.2336,-169.5144,27.05,78,64,8.34,AS,1697156203
341,mozhga,56.4447,52.2276,5.22,91,100,8.52,RU,1697156203
342,at taj,24.2049,23.2857,21.86,34,0,4.71,LY,1697156204
343,saldanha,-33.0117,17.9442,12.03,68,84,4.67,ZA,1697156204
344,argo,37.6333,22.7333,15.44,58,0,1.63,GR,1697156205
345,labrador city,52.9463,-66.9114,4.95,93,75,0.0,CA,1697156205
346,carutapera,-1.195,-46.02,26.14,82,27,2.98,BR,1697156205
347,panjab,34.388,67.0233,7.0,48,31,1.87,AF,1697156205
348,lucheng,31.2336,117.2806,18.81,79,100,1.29,CN,1697156206
349,hermanus,-34.4187,19.2345,13.77,77,79,3.63,ZA,1697156206
350,cuamba,-14.8031,36.5372,24.28,34,100,2.16,MZ,1697156206
351,carupano,10.6678,-63.2585,26.69,88,51,2.89,VE,1697156206
352,ratnagiri,16.9833,73.3,25.6,82,23,1.53,IN,1697156206
353,gobabis,-22.45,18.9667,15.76,9,0,3.84,NA,1697156207
354,carnarvon,-24.8667,113.6333,26.41,50,21,4.77,AU,1697156207
355,kapa'a,22.0752,-159.319,29.99,65,20,6.69,US,1697156207
356,dudinka,69.4058,86.1778,1.49,93,99,6.71,RU,1697156208
357,rio branco,-9.9747,-67.81,25.34,88,99,1.54,BR,1697156088
358,pacific grove,36.6177,-121.9166,24.58,65,0,3.09,US,1697156208
359,upington,-28.4478,21.2561,12.21,66,0,2.57,ZA,1697156208
360,pointe aux piments,-20.0628,57.5131,23.31,74,23,0.92,MU,1697156209
361,quiberon,47.4841,-3.1196,20.6,85,100,4.92,FR,1697156209
362,remire-montjoly,4.9167,-52.2667,28.02,78,0,1.54,GF,1697156209
363,lang son,21.8333,106.7333,19.49,92,67,1.73,VN,1697156209
364,nikolayevsk-on-amure,53.1406,140.73,12.71,60,89,3.56,RU,1697156210
365,saint-francois,46.4154,3.9054,14.8,93,0,1.54,FR,1697156211
366,goure,13.9835,10.2704,30.32,24,35,3.14,NE,1697156211
367,timbuktu,16.7735,-3.0074,32.89,13,50,3.42,ML,1697156211
368,selfoss,63.9331,-20.9971,0.73,79,86,6.67,IS,1697156211
369,swakopmund,-22.6833,14.5333,12.21,88,0,0.89,NA,1697156212
370,talnakh,69.4865,88.3972,-1.55,98,100,1.3,RU,1697156212
371,keflavik,64.0049,-22.5624,3.95,75,75,12.35,IS,1697156212
372,krasnokamensk,50.0979,118.0369,6.98,51,8,3.13,RU,1697156212
373,richards bay,-28.783,32.0377,20.51,92,99,3.12,ZA,1697156212
374,zakynthos,37.7914,20.8953,18.13,68,0,2.22,GR,1697156213
375,ivnya,51.0629,36.1343,12.51,71,100,6.67,RU,1697156213
376,simenqian,27.4872,110.8861,15.84,88,97,1.29,CN,1697156213
377,mayqayyng,51.4625,75.7986,4.35,78,52,2.69,KZ,1697156213
378,verkhnedneprovskiy,54.9813,33.3457,8.24,83,46,6.66,RU,1697156214
379,caleta de carquin,-11.0925,-77.6267,19.16,82,89,5.31,PE,1697156214
380,naze,28.3667,129.4833,22.84,76,72,7.38,JP,1697155987
381,bolivar,37.6145,-93.4105,18.1,79,0,0.45,US,1697156214
382,kananga,-5.8958,22.4178,23.77,62,64,0.8,CD,1697156214
383,santa eularia des riu,38.9846,1.5341,21.61,92,0,0.0,ES,1697156215
384,lihue,21.9789,-159.3672,29.58,65,20,6.69,US,1697156009
385,nagqu,31.5,92.0,-6.51,25,7,1.39,CN,1697156215
386,nantucket,41.2835,-70.0995,16.1,94,0,3.6,US,1697156215
387,fada n'gourma,12.0622,0.3578,28.27,53,48,2.3,BF,1697156215
388,geraldton,-28.7667,114.6,26.23,21,29,3.09,AU,1697156216
389,solwezi,-12.1688,26.3894,18.92,65,97,1.61,ZM,1697156216
390,newman,37.3138,-121.0208,25.72,35,17,2.24,US,1697156216
391,antofagasta,-23.65,-70.4,16.27,80,40,2.54,CL,1697155934
392,hammerfest,70.6634,23.6821,1.25,93,40,1.03,NO,1697156217
393,raychikhinsk,49.7838,129.4121,10.59,55,20,5.33,RU,1697156217
394,murud,18.3258,72.965,25.64,86,52,1.98,IN,1697156217
395,baotou,40.6522,109.8222,10.83,37,5,2.85,CN,1697156217
396,sarangani,5.4033,125.4636,28.68,70,99,3.9,PH,1697156217
397,abepura,-2.6333,140.5833,31.45,62,20,2.06,ID,1697156218
398,medak,18.0333,78.2667,21.77,70,5,1.54,IN,1697156218
399,yuzhno-kurilsk,44.0306,145.8556,12.99,70,0,1.93,RU,1697156218
400,kuanda,56.3161,116.0806,7.24,62,90,5.13,RU,1697156218
401,vila franca do campo,37.7167,-25.4333,20.23,99,49,2.72,PT,1697156219
402,portage la prairie,49.9728,-98.2926,11.05,58,82,4.97,CA,1697156219
403,pudozh,61.8099,36.5345,2.75,90,100,6.26,RU,1697156219
404,bonthe,7.5264,-12.505,25.7,87,99,2.99,SL,1697156219
405,kambove,-10.8764,26.5969,20.23,67,72,1.54,CD,1697156219
406,santona,43.4439,-3.4576,26.96,45,12,3.58,ES,1697156220
407,tsiombe,-25.3,45.4833,20.71,86,66,5.7,MG,1697156220
408,lodwar,3.1191,35.5973,28.71,52,85,2.63,KE,1697156220
409,nova xavantina,-14.6667,-52.35,29.65,45,21,0.44,BR,1697156220
410,rakovski,42.3,24.9667,11.92,57,0,0.88,BG,1697156220
411,talara,-4.5772,-81.2719,21.42,83,0,5.43,PE,1697156221
412,booue,-0.0921,11.9385,23.33,97,73,0.95,GA,1697156221
413,oulainen,64.2667,24.8,2.67,83,100,5.22,FI,1697156221
414,hastings,50.8552,0.5729,17.94,51,100,7.0,GB,1697156222
415,viedma,-40.8135,-62.9967,8.28,74,31,5.47,AR,1697156222
416,xiangcheng chengguanzhen,33.847,113.4778,16.83,63,62,2.18,CN,1697156222
417,fale old settlement,-9.3852,-171.2468,28.45,79,25,8.33,TK,1697156222
418,greenland,43.0362,-70.8328,14.5,90,100,0.0,US,1697156222
419,guerrero negro,27.9769,-114.0611,20.44,64,1,6.94,MX,1697156223
420,vryburg,-26.9566,24.7284,13.46,69,0,2.28,ZA,1697156223
421,antonio enes,-16.2325,39.9086,23.04,85,50,5.02,MZ,1697156223
422,tierp,60.3427,17.5181,4.9,80,33,2.24,SE,1697156223
423,sakaiminato,35.55,133.2333,15.99,82,75,1.03,JP,1697156223
424,nyagan,62.1406,65.3936,1.9,80,100,4.97,RU,1697156224
425,sos'va,59.1766,61.8558,1.7,94,100,6.26,RU,1697156224
426,boende,-0.2167,20.8667,23.2,84,30,1.07,CD,1697156224
427,acarau,-2.8856,-40.12,26.34,82,8,6.6,BR,1697156224
428,kashgar,39.4547,75.9797,15.56,33,20,4.0,CN,1697156224
429,monteagudo,-19.8167,-63.9833,19.99,53,100,1.91,BO,1697156225
430,cam ranh,11.9214,109.1591,25.98,83,20,1.54,VN,1697156225
431,ulundi,-28.3352,31.4162,18.98,95,66,1.31,ZA,1697156225
432,tangalle,6.024,80.7911,24.21,91,100,3.29,LK,1697156225
433,cannonvale,-20.2833,148.7,24.66,53,25,2.76,AU,1697156225
434,ust-nera,64.5667,143.2,-12.1,95,88,2.24,RU,1697156226
435,yeppoon,-23.1333,150.7333,25.88,44,0,1.69,AU,1697156226
436,ghat,24.9647,10.1728,24.48,25,27,2.6,LY,1697156226
437,dryden,49.7833,-92.7503,9.16,71,100,2.57,CA,1697156226
438,sur,22.5667,59.5289,29.2,54,1,2.85,OM,1697156227
439,kone,-21.0595,164.8658,26.64,54,37,1.78,NC,1697156024
440,badiyah,22.45,58.8,25.2,60,0,1.66,OM,1697156227
441,yeonggwang,35.275,126.5094,15.81,63,100,1.21,KR,1697156227
442,taoudenni,22.6783,-3.9836,29.06,16,0,5.15,ML,1697156228
443,grand falls-windsor,48.9332,-55.6649,11.39,89,100,2.1,CA,1697156228
444,punta del este,-34.9667,-54.95,9.93,69,0,4.12,UY,1697156228
445,slagelse,55.4028,11.3546,8.02,91,6,2.57,DK,1697156228
446,calderitas,18.55,-88.25,31.06,74,40,6.17,MX,1697156228
447,ondjiva,-17.0667,15.7333,22.98,25,43,1.9,AO,1697156229
448,ziway,7.9333,38.7167,18.44,60,80,3.09,ET,1697156229
449,altay,47.8667,88.1167,12.23,43,46,3.22,CN,1697156229
450,sao felix do xingu,-6.6447,-51.995,27.11,49,57,0.88,BR,1697156229
451,shingu,33.7333,135.9833,19.82,54,24,1.56,JP,1697156229
452,sao vicente,-23.9631,-46.3919,25.1,62,100,0.89,BR,1697156230
453,ust'-ilimsk,58.0006,102.6619,4.13,75,100,3.13,RU,1697156230
454,baharly,38.4362,57.4316,10.43,39,1,1.85,TM,1697156230
455,la barceloneta,41.3807,2.1899,21.18,81,20,2.06,ES,1697156230
456,waspan,14.7419,-83.9717,28.01,78,67,3.2,NI,1697156231
457,sola,-13.8833,167.55,25.58,80,85,7.31,VU,1697156231
458,galveston,29.3669,-94.9669,24.54,80,20,4.63,US,1697155654
459,boysun,38.2061,67.1986,10.56,74,100,4.6,UZ,1697156231
460,aykhal,66.0,111.5,-4.41,78,60,4.92,RU,1697156231
461,novaya igirma,57.1334,103.9112,5.42,80,100,1.15,RU,1697155939
462,malmberget,67.1753,20.6549,-6.69,86,90,3.6,SE,1697156232
463,axim,4.8699,-2.2405,24.24,91,100,2.16,GH,1697156232
464,kirensk,57.7853,108.1119,5.01,73,100,2.24,RU,1697156232
465,umm ruwaba,12.9061,31.2158,29.45,41,52,2.7,SD,1697156232
466,hilo,19.7297,-155.09,30.71,76,75,5.66,US,1697155989
467,djibo,14.1022,-1.6306,28.8,54,88,3.43,BF,1697156233
468,opuwo,-18.0607,13.84,20.52,32,4,2.02,NA,1697156233
469,silver city,32.7701,-108.2803,19.65,34,0,4.47,US,1697156233
470,sadovoye,47.7764,44.5089,5.36,56,13,4.5,RU,1697156234
471,bredy,52.4153,60.3411,3.01,64,54,8.96,RU,1697156234
472,haparanda,65.8355,24.1368,0.03,81,67,7.53,SE,1697156234
473,castro alves,-12.7656,-39.4283,20.82,86,10,1.92,BR,1697156234
474,rodna,47.4167,24.8167,12.81,80,94,0.7,RO,1697156235
475,batticaloa,7.7102,81.6924,24.84,89,100,3.74,LK,1697156235
476,huai'an,33.5886,119.0192,17.87,69,87,2.06,CN,1697156235
477,lautoka,-17.6167,177.4667,27.92,69,75,4.63,FJ,1697156236
478,nova sintra,14.8667,-24.7167,24.31,77,99,1.36,CV,1697156236
479,istaravshan,39.9142,69.0033,7.53,96,99,6.39,TJ,1697156236
480,moreno valley,33.9375,-117.2306,29.05,20,0,6.17,US,1697156066
481,taro,-8.3862,115.28,24.0,70,93,1.18,ID,1697156236
482,qamdo,31.1667,97.2333,-1.14,69,100,1.78,CN,1697156237
483,san luis de la loma,17.2706,-100.8939,26.97,87,43,0.99,MX,1697156237
484,kristiansund,63.1115,7.732,6.36,75,75,2.57,NO,1697156237
485,serhiyivka,46.0272,30.3768,16.29,75,28,7.65,UA,1697156237
486,wenling,28.3669,121.36,20.87,83,92,2.69,CN,1697156238
487,santena,44.9462,7.773,18.96,79,84,1.03,IT,1697156238
488,mutum biyu,8.6333,10.7667,24.36,82,45,1.29,NG,1697156238
489,ulsteinvik,62.3432,5.8487,9.5,76,100,4.02,NO,1697156238
490,feignies,50.2981,3.9153,17.87,56,100,4.25,FR,1697156238
491,nicoya,10.1483,-85.452,25.33,88,89,1.05,CR,1697155986
492,marica,-22.9194,-42.8186,24.95,96,85,3.74,BR,1697156239
493,labasa,-16.4167,179.3833,27.87,67,100,3.02,FJ,1697156239
494,sampit,-2.5333,112.95,26.76,79,79,1.37,ID,1697156239
495,jayapura,-2.5333,140.7,31.66,66,70,1.97,ID,1697156239
496,aoulef,26.9667,1.0833,27.88,21,5,9.46,DZ,1697156240
497,santiago de veraguas,8.1,-80.9833,25.34,91,99,1.79,PA,1697155993
498,hakkari,37.5833,44.1667,8.88,87,75,0.0,TR,1697156240
499,abuja,9.0574,7.4898,22.62,84,100,1.26,NG,1697155677
500,sechura,-5.5569,-80.8222,21.93,71,65,7.63,PE,1697156240
501,debark',13.1561,37.8981,11.46,74,76,1.61,ET,1697156241
502,pipar,26.3856,73.5378,25.41,48,0,2.55,IN,1697156241
503,prince rupert,54.3161,-130.3201,15.05,64,100,14.4,CA,1697156241
504,carletonville,-26.3609,27.3977,12.81,81,39,4.47,ZA,1697156241
505,saint-philippe,-21.3585,55.7679,22.77,86,58,3.38,RE,1697156241
506,luderitz,-26.6481,15.1594,14.61,75,0,7.99,NA,1697156242
507,mudurnu,40.473,31.2076,10.88,62,0,0.74,TR,1697156242
508,kasongo-lunda,-6.4667,16.8167,20.89,93,57,0.36,CD,1697156242
509,waiuku,-37.25,174.75,17.92,66,50,3.95,NZ,1697156242
510,bikenibeu village,1.3673,173.1241,29.26,68,75,2.94,KI,1697156243
511,santa marinella,42.0345,11.8536,18.16,70,6,1.58,IT,1697156243
512,zhumadian,32.9794,114.0294,17.7,72,99,1.27,CN,1697156180
513,sirohi,24.8833,72.8667,24.31,56,0,1.7,IN,1697156133
514,belen,36.4891,36.2233,16.08,83,20,1.03,TR,1697156243
515,tulagi,-9.0996,160.1476,26.39,83,100,8.45,SB,1697156244
516,senador jose porfirio,-2.5908,-51.9542,27.27,66,95,1.16,BR,1697156244
517,port moresby,-9.4431,147.1797,26.64,77,99,1.61,PG,1697156244
518,egilsstadir,65.2653,-14.3948,2.95,87,75,11.83,IS,1697156244
519,paragominas,-2.9667,-47.4833,24.51,80,95,2.31,BR,1697156245
520,el sauzal de rodriguez,31.9,-116.6833,19.12,71,1,2.09,MX,1697156245
521,copala,16.65,-98.9833,27.0,86,27,1.99,MX,1697156245
522,nguigmi,14.2495,13.1092,30.62,33,47,3.83,NE,1697156245
523,kataba,13.9833,44.3833,16.6,56,8,0.95,YE,1697156245
524,mangrol,21.1167,70.1167,26.42,80,3,3.47,IN,1697156246
525,bintulu,3.1667,113.0333,25.23,94,40,1.03,MY,1697156246
526,gebeit,21.0667,36.3167,24.15,52,0,2.58,SD,1697156246
527,aberdeen,57.1437,-2.0981,9.19,78,100,5.66,GB,1697156246
528,krasnaya gora,52.9995,31.6023,9.51,86,100,4.56,RU,1697156247
529,dongning,44.0622,131.1207,14.77,50,0,2.52,CN,1697156247
530,bardai,11.65,7.2333,23.9,44,74,3.27,NG,1697156247
531,clinton,42.587,-82.9199,14.01,75,75,3.6,US,1697156247
532,ponta delgada,37.7333,-25.6667,20.4,83,40,3.09,PT,1697156247
533,madinat ash shamal,26.1293,51.2009,30.01,58,1,0.96,QA,1697156248
534,champerico,14.3,-91.9167,27.3,77,78,5.15,GT,1697156248
535,malvan,16.0667,73.4667,26.17,82,92,2.0,IN,1697156248
536,estevan,49.1334,-102.9842,9.19,61,100,3.09,CA,1697156103
537,benguela,-12.5763,13.4055,22.57,86,69,3.11,AO,1697156248
538,palmer,42.1584,-72.3287,14.65,80,75,0.0,US,1697156249
539,hobyo,5.3505,48.5268,26.92,81,4,4.22,SO,1697156249
540,crane,31.3974,-102.3501,29.51,20,0,7.04,US,1697156249
541,itoman,26.1247,127.6694,27.43,62,20,7.72,JP,1697156249
542,chernyshevsk,52.5243,117.0174,7.19,63,29,1.24,RU,1697156129
543,lockwood,45.8191,-108.4149,7.45,95,100,4.63,US,1697155989
544,kita,13.0349,-9.4895,24.53,76,68,1.49,ML,1697156250
545,queenstown,-31.8976,26.8753,10.58,77,9,2.18,ZA,1697156250
546,nuku'alofa,-21.1333,-175.2,26.19,65,40,5.14,TO,1697156250
547,corner brook,48.9667,-57.9484,10.09,97,100,1.73,CA,1697156250
548,'anat al qadimah,34.4659,41.9331,24.77,35,0,3.26,IQ,1697156251
549,sarakhs,36.5449,61.1577,11.08,93,100,0.0,IR,1697156251
550,rundu,-17.9333,19.7667,23.58,42,82,1.54,NA,1697156251
551,eastham,41.8301,-69.9739,16.08,81,20,4.01,US,1697156252
552,oristano,39.9,8.6,19.58,51,1,1.77,IT,1697156252
553,marhamat,40.4805,72.3139,17.78,40,91,0.44,UZ,1697156252
554,hithadhoo,-0.6,73.0833,27.28,72,99,5.39,MV,1697156252
555,mar del plata,-38.0023,-57.5575,11.16,78,0,2.06,AR,1697156252
556,north bend,43.4065,-124.2243,21.95,53,0,2.57,US,1697156253
557,yokadouma,3.5167,15.05,21.76,93,65,0.97,CM,1697156253
558,hankasalmi,62.3833,26.4333,3.28,74,100,6.43,FI,1697156253
559,pitimbu,-7.4706,-34.8086,26.33,82,8,6.02,BR,1697156253
560,markovo,57.3206,107.0881,5.3,81,100,0.69,RU,1697156253
561,kazanlak,42.6167,25.4,12.27,61,0,0.98,BG,1697156254
562,nanzhang chengguanzhen,31.7839,111.8275,16.2,69,99,1.18,CN,1697156254
563,salym,60.0625,71.4789,2.49,89,97,4.68,RU,1697156254
564,navirai,-23.065,-54.1906,20.86,75,87,4.05,BR,1697156254
565,castillos,-34.1667,-53.8333,5.79,77,5,2.77,UY,1697156254
